Post #,Date,Day,Time (CEST),Type,Topic,English Post Copy,Hungarian Post Copy,Image Brief,Status
1,2026-04-01,Tuesday,09:00,Company/Service,Introducing CEEFM,"Most people never think about facility management. Until something breaks.

CEEFM has spent 12 years making sure it does not.

We manage cleaning, maintenance, and operations for hotels, apartment buildings, and student housing across Hungary, Romania, and Slovakia. Over 200 projects completed. A 9.5 client satisfaction rating.

We started in Budapest in 2012. Today we serve properties across Central and Eastern Europe.

Our work is simple: keep buildings running. Keep tenants comfortable. Keep costs predictable.

If you manage a property in Budapest and want a partner who shows up on time and solves problems before they become emergencies, let's talk.

office@ceefm.eu | +36 30 600 5400","A legtöbb ember nem gondol a létesítménykezelésre. Amíg valami el nem romlik.

A CEEFM 12 éve azon dolgozik, hogy ez ne történjen meg.

Takarítást, karbantartást és üzemeltetést végzünk szállodák, lakóépületek és diákszállások számára Magyarországon, Romániában és Szlovákiában. Több mint 200 befejezett projekt. 9,5-ös ügyfél-elégedettségi érték.

2012-ben Budapesten indultunk. Ma Közép- és Kelet-Európa szerte szolgálunk ingatlanokat.

A munkánk egyszerű: az épületek működjenek. A lakóknak legyen kényelmes. A költségek legyenek kiszámíthatóak.

Ha Budapesten ingatlant kezel és megbízható partnert keres, aki időben érkezik és a problémákat még azelőtt megoldja, mielőtt sürgőssé válnak, keressen minket.

office@ceefm.eu | +36 30 600 5400","Wide-angle photo of a clean, well-lit Budapest apartment building lobby or hotel reception area. Morning light. CEEFM logo watermark in corner.",Draft
2,2026-04-02,Wednesday,09:00,Industry Insight,Spring maintenance checklist,"April in Budapest means one thing for property managers: spring maintenance season.

Here is what should be on your checklist right now:

1. HVAC filter replacement. Winter buildup reduces efficiency by up to 25%.
2. Roof and gutter inspection. Budapest's freeze-thaw cycles cause damage that shows up in spring.
3. Window seal checks. Failing seals mean higher cooling costs all summer.
4. Common area deep clean. Lobbies, stairwells, parking areas. Winter grime accumulates.
5. Fire safety equipment testing. Extinguishers, alarms, emergency lighting. Compliance is not optional.
6. Exterior facade review. Cracks from winter expansion need attention before they worsen.

Skip any of these and you pay more later. Every time.

What would you add to this list?","Az április Budapesten a létesítménykezelők számára egyet jelent: tavaszi karbantartási szezon.

Ez most legyen a csekklistáján:

1. Klímaberendezés szűrőcseréje. A téli lerakódás akár 25%-kal is csökkenti a hatékonyságot.
2. Tető- és ereszcsatorna-ellenőrzés. A budapesti fagyás-olvadás ciklusok tavaszra mutatják meg a károkat.
3. Ablaktömítések ellenőrzése. A hibás tömítések egész nyáron magasabb hűtési költségeket jelentenek.
4. Közös területek mélytisztítása. Aulák, lépcsőházak, parkolók. A téli szennyeződés felgyülemlik.
5. Tűzvédelmi berendezések tesztelése. Oltókészülékek, riasztók, vészvilágítás. A megfelelés nem választás kérdése.
6. Külső homlokzat felülvizsgálata. A téli tágulásból eredő repedéseket még a rosszabbodás előtt kell kezelni.

Ha ezek közül bármit kihagy, később többet fizet. Minden alkalommal.

Mit tenne még hozzá a listához?","Flat-lay style graphic with maintenance icons: wrench, thermometer, checklist, building outline. CEEFM brand colors.",Draft
3,2026-04-03,Thursday,08:30,Team/Culture,What 5 AM looks like at a Budapest hotel,"5:00 AM. The hotel lobby is quiet.

Our team is already on-site.

By the time the first guest walks to breakfast, three floors of rooms are already cleaned. Fresh linens. Restocked minibars. Bathrooms that pass a white-glove check.

Hotel housekeeping is not glamorous work. It is detailed work. It is invisible when done right. And guests notice immediately when it is not.

Our housekeeping supervisors run shifts for properties across Budapest's city center. They manage schedules, quality checks, and supply chains for cleaning materials.

The best compliment we receive? ""We did not even notice.""

That is exactly the point.","Reggel 5:00. A szálloda aulája csendes.

A csapatunk már a helyszínen van.

Mire az első vendég elindul reggelizni, három emelet szobái már tiszták. Friss ágyneműk. Feltöltött minibárok. Fehér kesztyű tesztet kiálló fürdőszobák.

A szállodai házvezetőség nem látványos munka. Részletekre figyelő munka. Láthatatlan, ha jól csinálják. És a vendégek azonnal észreveszik, ha nem.

Házvezetőségi felügyelőink műszakokat irányítanak Budapest belvárosában. Beosztásokat, minőségi ellenőrzéseket és tisztítószer-ellátási láncokat kezelnek.

A legjobb bók, amit kapunk? „Észre sem vettük."

Pontosan ez a lényeg.","Black-and-white or muted-tone photo of a neatly made hotel bed. Early morning light through window.",Draft
4,2026-04-08,Tuesday,09:00,Company/Service,Eco-friendly cleaning products,"We stopped using conventional cleaning chemicals three years ago.

Not because it was trendy. Because the numbers made sense.

Eco-friendly products cost 15-20% more per unit. But they reduce sick days among our cleaning staff by roughly a third. They eliminate chemical damage to surfaces, which cuts replacement costs. And they satisfy the sustainability requirements that more hotel chains now demand from subcontractors.

In apartment buildings, residents with allergies and small children notice the difference. Property managers get fewer complaints.

Our cleaning team uses biodegradable, EU Ecolabel-certified products across all Budapest properties. Same hygiene standards. Lower long-term cost. Safer for everyone in the building.

Green cleaning is not a marketing decision. It is an operations decision.","Három éve hagytuk abba a hagyományos tisztítószerek használatát.

Nem azért, mert trendi volt. Azért, mert a számok igazolták.

A környezetbarát termékek darabonként 15-20%-kal többe kerülnek. De a takarító személyzet táppénzét közel egyharmadával csökkentik. Megszüntetik a felületek kémiai károsodását, ami csökkenti a csereköltségeket. És teljesítik azokat a fenntarthatósági követelményeket, amelyeket egyre több szállodalánc elvár az alvállalkozóktól.

Lakóépületekben az allergiások és a kisgyermekes családok érzik a különbséget. Az ingatlankezelők kevesebb panaszt kapnak.

Takarító csapatunk lebomló, EU ökocímkés termékeket használ minden budapesti ingatlanon. Ugyanaz a higiénés színvonal. Alacsonyabb hosszú távú költség. Biztonságosabb mindenki számára az épületben.

A zöld takarítás nem marketingdöntés. Üzemeltetési döntés.","Close-up of eco-friendly cleaning products with EU Ecolabel visible. Natural light. A gloved hand reaching for one of the bottles.",Draft
5,2026-04-09,Wednesday,12:00,Industry Insight,Energy costs and FM solutions,"Energy costs for Budapest commercial buildings rose 40% between 2022 and 2025.

Most property managers absorbed the increase. Few optimized.

Here is what we see working across our managed properties:

LED lighting retrofits. Payback period: 8-14 months. After that, pure savings.

Smart HVAC scheduling. Matching heating and cooling to actual occupancy instead of fixed schedules cuts energy use by 15-20%.

Building envelope audits. Finding and fixing air leaks is the cheapest energy upgrade available.

Motion-sensor lighting in common areas. Lights that run 24/7 when nobody is there are burning money.

Regular boiler and chiller maintenance. A 5% efficiency drop from neglected maintenance compounds fast across a full building.

None of this requires major capital investment. It requires attention.","A budapesti kereskedelmi épületek energiaköltségei 2022 és 2025 között 40%-kal növekedtek.

A legtöbb ingatlankezelő elviselte a növekedést. Kevesen optimalizáltak.

Íme, mit látunk működni a kezelt ingatlanainkon:

LED világítás-átalakítás. Megtérülési idő: 8-14 hónap. Utána tiszta megtakarítás.

Intelligens HVAC ütemezés. A fűtés és hűtés valós kihasználtsághoz igazítása a fix ütemezések helyett 15-20%-kal csökkenti az energiafelhasználást.

Épületburkolat-auditok. A légszivárgás felkutatása és javítása a legolcsóbb elérhető energiakorszerűsítés.

Mozgásérzékelős világítás közös területeken. A 24 órában égő lámpák, amikor senki sincs ott, pénzt égetnek.

Rendszeres kazán- és hűtő karbantartás. Az elhanyagolt karbantartásból eredő 5%-os hatékonyságcsökkenés egy egész épületben gyorsan összegződik.

Ehhez nem kell nagy tőkebefektetés. Odafigyelés kell.","Infographic-style visual showing energy cost reduction percentages. Navy and gold color scheme on ivory background.",Draft
6,2026-04-10,Thursday,09:00,Team/Culture,What makes a good facility supervisor,"We have hired over 50 facility supervisors in 12 years.

The best ones share three traits:

They notice what others miss. A flickering light in a stairwell. A door that closes half a second slower than it should.

They communicate before problems escalate. A good supervisor calls you to say ""the elevator is making a new sound, I have scheduled the technician for Thursday"" before you call them to say ""the elevator is broken.""

They respect the people on their team. Cleaning and maintenance staff work early hours, physical shifts, and often thankless roles. A supervisor who treats them well has lower turnover. Lower turnover means consistent quality.

Technical skills can be trained. These three traits cannot.

If this sounds like you, we are hiring: office@ceefm.eu","12 év alatt több mint 50 létesítménykezelési felügyelőt vettünk fel.

A legjobbak három közös vonást mutatnak:

Észreveszik, amit mások nem. Egy villogó lámpát a lépcsőházban. Egy ajtót, ami fél másodperccel lassabban csukódik, mint kellene.

Kommunikálnak, mielőtt a problémák súlyosbodnak. Egy jó felügyelő felhívja önt, hogy „a lift új hangot ad ki, csütörtökre beütemeztem a szerelőt" mielőtt ön hívná, hogy „a lift elromlott."

Tisztelik a csapatuk tagjait. A takarító és karbantartó személyzet korán reggel dolgozik, fizikailag megterhelő műszakokban és gyakran hálátlan szerepekben. Az a felügyelő, aki jól bánik velük, alacsonyabb fluktuációt ér el. Az alacsonyabb fluktuáció következetes minőséget jelent.

A technikai készségek taníthatóak. Ez a három tulajdonság nem.

Ha ez önre hasonlít, keresünk munkatársakat: office@ceefm.eu","Portrait-style photo of a person in professional workwear standing in a building corridor. Real person, not a model.",Draft
7,2026-04-15,Tuesday,09:00,Industry Insight,Hotel housekeeping standards guests notice,"Hotel guests do not read your housekeeping SOP.

But they notice three things within 30 seconds of entering a room:

The bathroom. Specifically: the mirror, the toilet rim, and the drain. If any of those three are not spotless, the entire room feels unclean.

The smell. Not air freshener. The absence of smell. A room should smell like nothing.

The bed. Wrinkle-free sheets and symmetrical pillows. Guests touch the bed first.

Everything else matters too. But these three form the first impression. And first impressions drive reviews.

At CEEFM, our quality inspections prioritize exactly these checkpoints. Because that is what your guests prioritize.","A szállodavendégek nem olvassák el a házvezetőség műveleti eljárásait.

De három dolgot három másodpercen belül észrevesznek a szobába lépés után:

A fürdőszobát. Pontosabban: a tükröt, a WC-peremet és a lefolyót. Ha ezek közül bármelyik nem makulátlan, az egész szoba tisztátalannak tűnik. Mindentől függetlenül.

A szagot. Nem légfrissítőt. A szag hiányát. Egy szobának semmilyen szagúnak nem kellene lennie. A vegyiszag azt jelzi, hogy valamit elfednek. A semleges levegő valós tisztaságot jelez.

Az ágyat. Ráncmentes lepedők és szimmetrikus párnák. A vendégek először az ágyat érintik meg. Ha az ágynemű frissnek tűnik és a felület egyenletes és feszes, a szobába vetett bizalom azonnal nő.

Minden más is számít. De ez a három alkotja az első benyomást. És az első benyomás határozza meg az értékeléseket.

A CEEFM-nél a minőségi ellenőrzéseink pontosan ezeket az ellenőrző pontokat helyezik előtérbe. Mert a vendégei is ezt helyezik előtérbe.","Split image: pristine hotel bathroom mirror reflection + perfectly made bed linens. Clean, bright photography.",Draft
8,2026-04-16,Wednesday,09:00,Company/Service,Student housing FM challenges,"Student housing is not the same as hotel management. Property managers who treat it the same way lose money.

Here is what is different:

Turnover cycles are fixed. Move-in in September. Move-out in June. That two-week window is your entire deep maintenance window.

Damage patterns are predictable. Kitchens and bathrooms take the most wear.

Communication must be direct and digital. Students do not read notice boards.

Cleaning frequency must be higher in common areas. These spaces serve 50-200 people daily.

CEEFM manages student housing facilities in Budapest and across the region. We know the cycle. We plan around it.","A diákszállás nem ugyanaz, mint a szállodakezelés. Azok az ingatlankezelők, akik ugyanúgy kezelik, pénzt veszítenek.

Íme, mi más:

A forgási ciklusok rögzítettek. Beköltözés szeptemberben. Kiköltözés júniusban. A két tanév közti két hetes időszak az egyetlen mélyített karbantartási ablak. Ha lemarad róla, 10 hónapon át cipeli a problémákat.

A károsodások kiszámíthatóak. A konyhák és fürdőszobák kopnak a legjobban. A közösségi terek bútorzata törik a leggyorsabban. A tanév első hat hete termeli a legtöbb karbantartási jegyet.

A kommunikációnak közvetlennek és digitálisnak kell lennie. A diákok nem olvasnak hirdetőtáblát. A karbantartási kérő rendszereknek mobilon kell működniük.

A takarítási gyakoriságnak magasabbnak kell lennie a közös területeken. Tanulószobák, konyhák, mosodák. Ezek a terek naponta 50-200 embert szolgálnak ki.

A CEEFM diákszállásokat kezel Budapesten és a régióban. Ismerjük a ciklust. Tervezünk köré.","Photo of a modern student housing common area or study room. Clean, functional design.",Draft
9,2026-04-17,Thursday,12:00,Industry Insight,Smart building tech ROI,"Every facility management conference in 2026 talks about smart buildings.

Most of the technology being sold has a payback period longer than the contract term. Here is what actually works:

Smart thermostats with occupancy sensing. Cost: 200-400 EUR. Savings: 10-18%. Payback: under 2 years.

Water leak sensors. Cost: 50-100 EUR. A single undetected leak can cause 10,000+ EUR in damage.

Digital maintenance ticketing. Cost: 30-80 EUR/month. Benefit: traceable response times, accountability.

IoT-connected lighting. Cost: moderate. Payback: 3-4 years.

Digital twins and AI predictive maintenance? Promising for large portfolios. Overkill for a 50-unit building.

Start with what pays back fastest. Scale from there.","Minden 2026-os létesítménykezelési konferencia az okos épületekről beszél.

Az eladott technológia nagy részének megtérülési ideje hosszabb, mint a szerződés időtartama. Íme, mi működik valóban a közepes méretű budapesti ingatlanoknál:

Okos termosztátok jelenlétzérzékeléssel. Költség: 200-400 EUR darabonként. Megtakarítás: 10-18% fűtésre és hűtésre. Megtérülés: 2 éven belül.

Vízszivárgás-érzékelők. Költség: 50-100 EUR érzékelőnként. Egyetlen észre nem vett szivárgás 10 000+ EUR kárt okozhat.

Digitális karbantartási jegykezelő. Költség: havi 30-80 EUR ingatlanonként. Előny: nyomon követhető válaszidők, adatok az ismétlődő problémákról, elszámoltathatóság.

IoT-kapcsolt világítás közös területeken. Költség: mérsékelt. Megtérülés: 3-4 év. Nagyobb ingatlanoknál megéri.

Digitális ikrek és MI-vezérelt prediktív karbantartás? Ígéretes nagy portfóliókhoz. Túlzás egy 50 lakásos épülethez.

Kezdje azzal, ami a leggyorsabban térül meg. Onnan skálázzon.","Clean tech-forward graphic. Icons: thermostat, water sensor, mobile ticket, lightbulb with wifi. Each paired with ROI number. Navy/gold/ivory.",Draft
10,2026-04-22,Tuesday,09:00,Company/Service,Sustainability in practice (Earth Day),"""Sustainability"" is the most overused word in facility management marketing.

Here is what it means in our daily operations:

We use EU Ecolabel-certified cleaning products at every property. No exceptions.

We sort and track waste volumes monthly across all managed buildings.

We run quarterly energy audits for properties under long-term contracts.

Our maintenance schedules prioritize repair over replacement. A reconditioned door closer lasts another 5 years.

We train every team member on resource efficiency in their first week. Practical, on-site training.

We are not perfect. No FM company is. But we measure, report, and improve. Every quarter.","A „fenntarthatóság" a leginkább túlhasznált szó a létesítménykezelési marketingben.

Íme, mit jelent a napi műveleteinkben:

EU ökocímkés tisztítószereket használunk minden ingatlanon. Kivétel nélkül.

Havonta válogatjuk és követjük a hulladékmennyiségeket az összes kezelt épületben. Ügyfeleink jelentéseket kapnak, amelyek pontosan mutatják, mennyi hulladékot termel az egyes ingatlan és hol lehetséges a csökkentés.

Negyedévente energiaauditot végzünk a hosszú távú szerződés alatt álló ingatlanoknál. Nem azért, mert jól hangzik. Azért, mert ügyfeleink pénzt takarítanak meg, amikor ezt tesszük.

Karbantartási ütemterveink a javítást részesítik előnyben a cserével szemben. Egy felújított ajtócsukó még 5 évig kibír. Egy kicserélt a szemétbe kerül.

Minden csapattagot az első héten képzünk az erőforrás-hatékonyság terén. Nem diavetítés. Gyakorlati, helyszíni képzés.

Nem vagyunk tökéletesek. Egyetlen FM cég sem az. De mérünk, jelentünk és fejlődünk. Minden negyedévben.","Photo: eco cleaning products in use, waste sorting station, or maintenance worker repairing equipment.",Draft
11,2026-04-23,Wednesday,09:00,Industry Insight,Budapest property boom and FM,"Budapest's office market is 4.25 million square meters. Second largest in Central Europe after Warsaw.

The hotel sector added 1,200+ new rooms in 2025 alone. Student housing developments are expanding across Districts 8, 9, and 13.

More buildings means more demand for facility management. But not just any facility management.

Property owners are shifting from ""find the cheapest cleaning company"" to ""find a partner who manages everything under one contract."" Integrated FM contracts are growing at nearly 7% annually in the CEE region.

What is driving this? Complexity.

If you manage property in Budapest, the question is no longer whether you need professional facility management. It is whether your current provider can keep up.","Budapest irodapiaca 4,25 millió négyzetméter. Közép-Európa második legnagyobb piaca Varsó után.

A szállodai szektor egyedül 2025-ben több mint 1200 új szobával bővült. A diákszállás-fejlesztések a 8., 9. és 13. kerületben bővülnek.

Több épület több létesítménykezelési igényt jelent. De nem akármilyen létesítménykezelést.

Az ingatlantulajdonosok a „keressük a legolcsóbb takarító céget" megközelítéstől a „keressünk egy partnert, aki mindent egy szerződés alatt kezel" felé mozognak. Az integrált FM szerződések évente közel 7%-kal nőnek a KKE régióban.

Mi hajtja ezt? Az összetettség. Egy modern vegyes használatú épülethez takarítás, HVAC karbantartás, biztonság, energiakezelés, hulladékkezelés és bérlői kommunikáció szükséges. Öt külön beszállító koordinálása többe kerül, mint egy integrált szolgáltató.

Ha Budapesten ingatlant kezel, a kérdés már nem az, hogy szüksége van-e professzionális létesítménykezelésre. Hanem az, hogy a jelenlegi szolgáltatója képes-e lépést tartani azzal, amit az épülete valóban igényel.","Aerial or elevated photo of Budapest skyline with modern buildings. Or a simple map of Budapest districts with growth indicators.",Draft
12,2026-04-24,Thursday,09:00,Company/Service,Five reasons to outsource FM,"You can manage your building's facilities in-house. Many property owners do.

Here are five reasons they eventually stop:

1. Staff coverage. A sick day creates an immediate service gap. An FM company has backup staff within hours.

2. Procurement costs. We buy at volume pricing. A single building cannot match those rates.

3. Compliance tracking. An FM company tracks fire safety, hygiene certs, and servicing records automatically.

4. Scalability. Adding a second property means expanding a contract, not doubling your team.

5. Focus. Managing cleaners, electricians, plumbers, and security is a full-time job.

Outsourcing is not about cutting corners. It is about putting each task in the hands of people who do it every day.

CEEFM has been that partner for 200+ properties. Reach out: office@ceefm.eu","Kezelhetik az épületük létesítményeit házon belül. Sok ingatlantulajdonos így tesz.

Íme öt ok, amiért végül abbahagyják:

1. Személyzeti lefedettség. Egy betegszabadság vagy felmondás azonnali szolgáltatási rést teremt. Egy FM cég órákon belül rendelkezik pótszemélyzettel. Ön nem.

2. Beszerzési költségek. Mi takarítószereket, karbantartási alkatrészeket és felszerelést nagybani áron vásárolunk. Egyetlen épület nem tudja felvenni ezeket az árakat.

3. Megfelelőségi nyomon követés. Tűzvédelmi ellenőrzések, higiéniai tanúsítványok, berendezés-szervizelési nyilvántartások. Egy FM cég automatikusan követi ezeket. A házon belüli csapatok gyakran csúszni hagyják az auditig.

4. Skálázhatóság. Egy második ingatlan hozzáadása nem jelenti a belső csapat megkétszerezését. Egy szerződés bővítését jelenti.

5. Fókusz. Takarítók, villanyszerelők, vízvezeték-szerelők és biztonsági őrök kezelése teljes állású munka. Ha ez nem az ön fő tevékenysége, olyan időt emészt fel, ami máshová tartozik.

A kiszervezés nem a sarkok levágásáról szól. Arról, hogy minden feladatot olyan emberek kezébe adunk, akik minden nap ezt csinálják.

A CEEFM több mint 200 ingatlannak volt ilyen partnere. Ha az épületének szüksége van egyre, keressen minket: office@ceefm.eu","Clean comparison graphic: left side 'In-house' with complexity icons, right side 'CEEFM' with unified interface. Navy and gold on ivory.",Draft
